sequence	ptm_structgen	rmsd_structgen	ptm_refold	rmsd_refold
ELHYKQTGLQPEWGYYFCASVCGAVAVVGTPGNSMVIYVVFTRRSMRKPTYYYLVNLALSDFLVCMAVCPVQSTVSLARHWVFGDFLCKIVIFTDYACMTLSVWCLAVISFERYLLICRPIKYRRSMKGREVCLEIASIWVLSMLVALPPLLGWISYYRQGWYVVCYIKRYPSEVDAVLYTATVFVFAFILPLLIMLFCYTQVVLTVRKQKKIGASATLEMKGKMAQRTAVYAMLSFSICWAPIHMFVLISLYQGGRRDITAEWLWHLFIALTYANSVFNPIIYVMMDRFKKYED	0.8913415670394897	2.2953783875552274	0.972095787525177	3.1125559362774324
GDHLDVHWKEQPVMHYIVFALLASVSVVGIPGNLLVCLAVARRRHLRTVTNIIITNLACSDLIVATLVAPCQAVSNLHMQWLFGRAACQAVISVDYTAMMASVFSLTVIAVDRYIAVCKPLNARRRMTKKLAVASAAAVWVASLTIGAPMCIVYAFDEDEHESKKACRVDWPSPRPKLELAIYVFIFSYLLPLVIMIAAYSLIQVKLECSLARDHSAANKSLHRRAKIMAIIIFTAFVTCWLPIHTTVIVQYFCDEQTADTPRWLWLIFITLDYANACMNPVLYGLFSRSFKAAY	0.856025755405426	2.4945665848220044	0.9391275644302368	3.640315953268404
LMHNFNSQLFLPDVYYINAFINFCVFVFGVPANTTVLYDLWKNKKLHSVNQILLANLAVSDLFVCLFGSPFQFVSFWMMEWIFGDVMCKIVIFIDYLMMYMHIISLSCISVDRYLAIVTPMNCCRFTLKVAGVGVAGMWIWGITLSSPIVIDFCGSAILFEFQTKNALTILQRVNSTLMYDIVVFFMTFMIPFLIILFSYGMIVKAVMENAKKMKSVSAAKKTRQVTITVLVVVLTFTVCWTPIHFMVVGYLIGEHGMNPDMKTFWMIFICMAYLTSMLNPVIHGRMRPLNFLLR	0.8758271932601929	2.0229503141147225	0.9678100347518921	3.3352174575993336
LRHRSNLHHMENIIKEFHAMMFMSITVVGVVSNALVILAITKYKRLRTAINFLLVNSSIADLVICSFVAPVQMAANLSEMWVLGQVLCKIVIFLDYVAMNVSIMSLVVIAIERWIAIKHAFKWRNSWNSTNAKKAMCICWMAALVIAVPVFFFSEVIKFKLPTDYICNLNSVPSAWLEPYVVAVVIIEFVVPLLFMVFTYAAIVIELRAMADRGKSAFYADMNKKVSRSTAVVIVTFTTCWLPIHVLVLVYLYDPQFYSDFPPALWLLFIAMAYANACVNPLIYCNVFINCKRSM	0.7856932282447815	2.1108826538961614	0.9719887971878052	4.065114805743887
VVHCHMRGLVSNGMYYVLAALFALVTVVGIIENSLVIYLIKKDKTMRYAPNYFLFNLAIADLLVSIVGAPFQMIVACYGLDIFGKTWYIIVIFADYLLMFVGIASLVTIAINRYFVICRPLNSRLTKKDAKKLILIGWILALLISIPIGLGVGKGKPTIGDNPCVFPNLPKVKTTSLIISVLVVFIVYFILPLIIICFCYVRVALHLIQRRRQDNSEGRAKKTQKAKRTLLYIILSFVVCWLPIHVAVLIAITQDFKHYHNHPLLWYIFIALAYASSSFNPLLYFFLRGTSNLRS	0.8631781935691833	1.9305707745316167	0.9726921319961548	2.7921685359553576
KMHVCKSPRADKGAYRIEALMFGLICLLGIPVNCVIMVVILKNPKLHVPANYIIINQAFADLLVSCINAPVQFVTAFNECWVFGRAVCHLVIGCDYLSMMVSIFSLVAISIERYYAVCNPFSYITLNTKKHAYMMISVIWFLSFFYPGPLLCGIFSADGCYDFGLCLPAKFLSERTRLIYIFVVFFGNFVVPLGVIIFSYCLTVWRVRYQMKKTQLSQMKKTATKVTTMAISVVLAFAVCWAPIHFMVLWSFFDPEFMNFFPKWFWRLAISLAYFSSVINPLLYCLLNDRFRQRL	0.860048770904541	2.3707340310819305	0.9712874293327332	2.8386163070771553
VYHLPGEGLMSFAGYQVVAMVFYFVWVVGTFANALVVYIVIRKRHLHVPTNYLIVSLCLADLLVSLVCTPIQASVSSASAFLWGTGFCAAVISIDYFAMMCSTLSLLFIAIDRYLAIVKPMLYRRINQRYHAAKCITTGILVGVALAAPVILGFRLGLRTIRPRVPCTLELTNENVQQTYVALVFSLAFLVPLTVMIFSYHNVGVALQKVSYMAESAAHKRVKREVKMHNLVVVTSFTVCWAPIHLMVIYNNICSSTRCSIPYYVWYLCIGLAYVNSAINPLLFGESDKLVVVKA	0.8713412284851074	2.3772757317526043	0.9688565731048584	3.329880201769871
HIHANLTEIIPAWGFNVFAFLFFVVVILGVPLNLLLLYVIARHKRFHRPTNYLVANLAFADLCVAAVVAPIQFAVCLRGHWTFGRTFCSVVIFTDYTCMATSVLCLTAIAIDRYIGVCRPHLNYRFSVRHAKAAILLILVLCLVLGLPPLVGWMTWPPDPRVDEHTCFPHPPSKAEFIAWNIFVFVYMFVLPFVIICYSYGKVIRKARKSAQRSTSVAEQKRARKIRITTIVVISTFAVCWAPIHLLVLVRSFNLDGGNSDLALVWFFAIALTYSSCIYNPLIYGLLNPDFRKNF	0.8905279636383057	2.5278267197479294	0.9618402123451233	1.7236053136403993
MVHGENSGLLSREMCVVMGVLYICVVVMGLPGNALVCFAIFKTKRLWNVANLFVINLAMADCLVCGGVAPFQALTAWIQDFQGGQIWCRLVIAIDYFSMYLGIYTLTVVALDRYFAIVNPIKFWKMKPNTSGTLILVTWVAAATVGLPVAFGGWGYKTTPYGNVTCNWDWEASLPARIVFVCAVFIFAFLIPIIVISFCYGRICTEVQSARPLPQSRQEQKEQRKVQQTVVAVVVTFCICWTPIHLLVLVIEFCPNVPCSIPRWLWGFAIALGYLNSIFNPVTYSLRNSHFKSFS	0.865989089012146	2.393458529877235	0.9699001312255859	3.7724970350255904
MAHGPFYGLVPEWAYVAIAVFYGLVALLGVPANGLVIWVVARSRRLRKPRYHFVLSLAVADLGIAAIVAPLQFVNAIFEYWVFGYVMCRVVIFLDYFFMHVSIWSLCALAVDRYQRLCQLVPGYVFTNPRAVAVVVLAWVVSFAWALPPALGVGGAIPWDADGPLCRIWLDPTDPLSVLYSLGVFLNMFLLPLAVIVSCYGRVIRHLRRRSRRTGSARFERAVSKVRRLAIAVVASYLVSWAPIHLLVLLRLLQKDPNSAYPPLLWALAIALAYFNTVLNPLLFSLAKDRYTLDV	0.8920534253120422	2.2830509104742385	0.9497583508491516	3.0250466402871345
PVHSQIPGLYPDWIYHVLALFATLVAVVGTPANALVCYVFLRYKKNNSLTNYFLLNLAVADLMVCAVCAPIQAVSSWLTYWPFGRELCSVVISIDYHAMFLSIFALYSIAIDRYYAIVHPQQSTCRDHIFATAMVVSSWVLASTGALPLHIAGYWSMEIDPSKNEVICMPVFFRNVNVPLYIYVFIVSFCIPVVIICACYLMIVIQLHQRRVPKSEPLRQRMEKKVIKLAIAIVLAFVVTWMPIHIVVLYLMLEEKESPLASDVAWMLFISLSYFKSVIDPLIYGLNEDFRRYHN	0.8655810356140137	2.2884587641741723	0.9685766100883484	3.467004500700848
LCHLCSSHLVPEGFWYVGALITGLVAAVGVPANGLVLWSLLSRGKTSTPTKSFLISLAVADIMICSVCAPFQFAVNAWHKWVFGTAMCDLVIGIDYFGMLISSYSLAAIAVDRCLAVCKPLHLSMKNMKKQTLMFVSVWALAALPGLIVMMIRSVGKEMTEMDCCLLERTCAEAPFTILWTILVFIYGFLIPFTVISLSYAAIVRRIEAIHETMSKPELRKKRKRMVKMVLCIMAVFAISWLPIHLLVLIEELSTYAPVDIPNVLWSIAIEMAYLTAAANPFIYASFNWDFKAAF	0.842845618724823	1.9396864880125508	0.9682943820953369	3.3133533091564034
QFHRPQPGVVSETGYIIVTTLLCLVTIIGTPGNLLVIYIIYRRKEMHTAGMYFVANLALADFCVCLFVAAFQAISGIFGYWPLGDLWCRIVIFFDYMMMSCAIWSIVGLAIDRYVAVCHPLRHQLTKLHAALVISLVWLVGLTHGLVVAWFTGEYVQDGGKVGCVEIYLLFPHEEMRLAFTISVTAFSFILPLVLIVISYSQIIWTICRTRHKVMEPERVKAEKKALRMVCVTVFMFVICWTPIHLFVIIVQLDPDLKTEAFGYLWWIFIALSYVNAVINPIIYGLCNPHFVRQH	0.8426809310913086	2.4066635529370073	0.9728378057479858	3.1178656494468453
EPHTPQTEFMPPWAYYLVATVTFLVAVIGTPTNFLVIYILAKNKGIKTPTRYFLVNLAAADLILAVVVAPVQFIRSLARYFPFGQTFCNIVIFLDYTSMLVAVYSLTAISIDRYRAIVHPLTGFQLTKRKALAIIFGLWIVALIMGASLPAGWNAYAIDPTRPGDCTYNYTDSDTHLTVYVTFVFLSGFVIPLIVILFSYGAIVQAMRRRATTTRSAVVKKAEKKIMKTVGVIVLAYTVCWTPIHFTVLYVFFSRGSEDTLNPVLWVLFICLAYLNSAVNPIIYCFRKSVLTGDF	0.864091694355011	2.408245201214641	0.9721437692642212	3.372018586146881
MCHQRSLGTVPDGWHYVGAACSGLVTLMGTPANFLVLYVILLEPGLRRPTNYFIASLAIADMIVCLVGTPIQCTTQLLGEWLFPTWVCRLVIALDYSAMMVCMLSMVAVSVDRWQAVCQPIHYSRLMTNTVAGLMIVFSVGLSLIYGLPPLLGWIRLQPQGDQTLCSLCVLHGXPGRLAQVIIVAVISFLLPFSTIIATNTRIIMIAAAQARRIRSSERRKMERRVTATVAISLLAFTICWTPIHVAVLFVVIKPDYLIHYFHVVWSISITLAYANSCFNPLIYALLDRKFRRYF	0.8578155040740967	2.3699035222858957	0.9609103798866272	2.369431261647332
CKHVPEPGDLPPWGYYILATISGLIAIIGLPSNVVVCWVFISSKQSKSPTDYLLLNLAVSDLVVCFLCFPVQFNRFTVTYWKWGAVWNRIVIFFDYAGMWVSIFCLAAIAVDRYMAIVHPKSTAQFKTFKKALCVVVGSWVLALCLALPPLLGWWPEKCNRENNLCWNADGRSENRAITYIIVVFVTIFLIPLIIIIFSYGNIVRVVVTRSRFTAGMASEKGKKKVIKSVLIVVMSFVICWLPIHITVIYRAICDYEPCDFPTFLWKTFITLGYLNSCLNPIIYLGVREILRFKQ	0.8708130121231079	2.2648541075923387	0.9670777320861816	3.504406504082006
RCHGPQVDYLSQEGFAAVAVVLCIITLIGTPTNLRALCSILMSTKLRTASNYVMMNLAGADLLMALFVAPTQFVYAANGYWRFGCGFCVLVIFLDYTAMSVSIYSLSVLAIDRYLAICRPFHCGKLRSRHAVIGCLLTWVLSFAVGLPVVGVFVQFPDENFKCSLETNLTFRNRTARLAYAVWVLTSFFVQPLSIIIFAYLKVVITLKKRASGSRTNTRTKAENQVNFMITAIVLAFVVCWTPIHLRVLLKEFCQDPSCPKAGYLWYLSIALGYFNSVLNPFLYGRKKVIQRKND	0.8938941955566406	2.2044403412415736	0.9680178761482239	3.467298687273597
PYHGPVVGLAPGWVSYLKAAGFGLVSVIGTPGNLLVLILIARKPELKTVTNLFIANLALADLLITAIVAPLQATTAFEGYWPYGDLFCKLVIFIDYFSMFCSTWTLATIAWDRYLAICQPGPGRITRRKAKIIIGVMWLLSLLVAGPHLFWGDTGEDVFRGLSSLTTRDIWESAAEEWIYTISVFLLLFVIPLVIIIFSYIAIMRRITKSSDADVDPLAEKRKRKVRRLLQFAVVVFVVCWLPIHILVLYTAFNPDREEEVPPALWWFSIWLGYCNSVFNPFIYFITSGTYRRLI	0.8682741522789001	2.605082122870019	0.9699822664260864	3.479750894710021
MAHHCLYGMAPEWAYTLHAVLNGLVALLGTPANVLVIVVVVKFKALRTPVNYFLLNLAVADLLVSVLGAPTQVNMSFQRCFVFGPAWCRIVIFLDYLCMFVSVWSVVAIALDRFFVIVKPMMNFRFTRTHAIMVMGCVWALSLAFALPLMVGWKGNKTTGNFCACLDQGAGYSTSRQSVFTIAVFCGGLLMPLVIISFAYSQIILAVKEAAQRQASAENQKTEKEVTRMAIIVILAFVICWTPIHVLVIYVHFHAEEGSGIPRVLWTVAICLAYFNSCFNPVIYCLMNRSLKVAF	0.8720005750656128	2.6078842323818794	0.9714516997337341	2.9077973827392642
LVHRTKQPAVPTWLYICLFVLHLITFIFGVPLNVMVIYVCCRSERINNSTTMFIISLALADLIVALVVAPIQAIEDLRMDWVFGRWMCSIVISLDYLMMYVSVTSLSVISIDRYLAVCHPVKHTIWXTLSKSKVILILIYILSLFISIPPLIGAKMIRIQDEDLLICSFNFSDSTQFLYYRIWVMISSFILPWIIMTACYGTLIYRIQQHNEFSDIRSRKKMXQKVTQTLITVITTFLLCWAPIHIKVMVDEIWQTDYHHIPHFLWGVFISLGYANSMLNPIIYCFLNENFRRTT	0.8479294180870056	2.252696029522029	0.9385769963264465	3.880797720007912
PQHDCVELNVPKHKRIAVGIVAGLVGVFGLIGNLLVIFAIYANPRMKTVPNYFLLNLAFADVLVALIVAPFQFSWDFSGKWNFGLTWCRIVITIDYLAMYVSIWTLAIIAVDRYVYICKPLKYNEIMTKQKAGCIVVGIWIFSLGMSGPILAGWNSYHRIADRQCACFPVFTNYGQGMFFVIYVQVIYFIIPLIIIIICYFCVYMKIRKITEHLHDPAFNRAGKKVLRTLVIVVTVFVVCWTPIHLFVLVKFFCRGKECSYFDGLWGSFINMGYTNSMLNPLIYGVLSRNMRVAF	0.8915046453475952	2.518793232123052	0.9736097455024719	2.9288393828142634
GLHRPIVGMRSLEEEIGIAIISFIIAFLGTPSNALVLFSLYRQRHLSNVTDYCIANLAAADLLVSITCAIFQFISAAGVGWLFGKKMCSVVIFLDYLSMHASIYSIVCISLSRYRAVKHPMKHSTVTVKRSRSVLAAICCWMMALCIGAPPLLGWGKIAFFESAGLCTTMHESLLHEYEYYIFVFITQFVIPFIVIASCYSCIVFTARTASRIIDTQKERKRDMNAIRTAAYVFLAFFICWAPIHFLVMWKTFCRHSFPDNYSFLWHIFIGLAYFNCCVNPFLYTFINPKFRDEL	0.8620832562446594	2.685947304524961	0.9738479852676392	3.0287801449349803
SIHHPRPGAMSDGTYSVVFAGHLLIAILGIPLNILVIYAVSRFRCLQTPSSLFLVNLAIADLLISALAAPLQAIESLYRYWPFGTTMCKLVIFLDYLFMMGSVCCLMAIALERYYVIVKRRPRYKMTYGRAIGIISLCWVIALIVAVPPVLGIFGDAEPQHIDHLCIVPPFDPAAGWLNYVYFVFIIAFFIPLIVIVFCYGSIIGKLRKNRHKDNSPEARKREKKVKFLVVVVLLSYTVCWAPIHILVMIRALNPYLDNGDNSLLWYLAITLTYSNSFLNPIIYFLMSDIFLRRC	0.8788889646530151	2.6667160904992566	0.9656148552894592	3.76377271164781
ANHYLPQCSMPMAVNILYFIINSLVTLIGLPLNFLIVYTVAIDKSLRTIRYLFICSLAIADILSCAVVSPFQLIRYLFQRWIFGPTVCKLVIAIDYFTMFVSIFTLTALAMDNYCIIVYPILYRRSATKRRAIAVIVAIWVVSILLGVPGLILWTWGKCTCRNGPYSEGYSWYKLGYTANVILVFLFGFILPLTFVIVSYVGIIKKMDTSGEGENNEVAVKSEKRTRKMIIVVVVVFVLCWFPIHIQVLLQYLNKWKPTAINNGVWGLFISLSYFNSALNPIIYGKTLKRIALSL	0.886141300201416	2.672958203972271	0.9707704782485962	3.2237163301576377
IIHYPIPDLASKYVYKVWAALSAIITIIGTPGNLFIIFVILKQPSLRTPQNYLLVNLAVGNILVSCVVAPFQFLTDWYGSWRFGLATCIIVITVDYLSMMIVVSSLMAISVDRYLAIVKPIENRRTRRKRAVAAILTCWILALIIGLPTGIIAYTDASRFPYVTLVLSDIISPGLGAIAFNIYVFLFCFIFPIVIIIFCYVQIIHKIRKELKQNPSEESEIKAKKVSRLIFLVVLCFVVCWTPIHILVLVINICQSNPCNINMGFWLFAISLGYSSSMLNPFVYGRSMLTLAKEL	0.8930310010910034	2.509181409515587	0.9724673628807068	2.998667777073658
